id,name,email,created
cus_Uu0jKN86a5Br32,mahmet davut,mehmetdavut@gmail.com,17.07.2026 17:26:04
cus_UtzyfYUYgd5jcb,Auth Test User,test_37ijij39@example.com,17.07.2026 16:38:44
cus_UtXswKgg3MNBH6,selim,selim1@gmail.com,16.07.2026 11:37:02
cus_UstyErq95aPl2g,nuran,nuran@gmail.com,14.07.2026 18:23:06
cus_UsQUEzkOIMSfnT,Ahmet Yılmaz,ahmet@example.com,13.07.2026 11:54:32
cus_UsQUczmaVOd5Zq,Ahmet Yılmaz,ahmet@example.com,13.07.2026 11:54:31
cus_UsQUGVWxpArJWX,ahmet,gencahmet@gmail.com,13.07.2026 11:54:30
cus_UsQUDxRECe4Z0r,derya,derya@gmail.com,13.07.2026 11:54:29
cus_UsQU4KPUJLZGSc,halil,halilhan@gmail.com,13.07.2026 11:54:28
cus_UsNrmqRnTI5dVh,tuna,tunaefe@gmail.com,13.07.2026 09:11:23
cus_UsNroF1pByVNj7,mali demir,malidemir@gmail.com,13.07.2026 09:11:22
cus_UsNr6Qi1iLfhlr,fahri yilmaz,fahri@gmail.com,13.07.2026 09:11:20
cus_UsNrX0CYJ8SSju,riyaz,riyaz@gmail.com,13.07.2026 09:11:20
cus_UsNq4yEqysReii,Ahmet Yılmaz,ahmet@example.com,13.07.2026 09:11:19
cus_UsNqOERyRovbH5,Ahmet Yılmaz,ahmet@example.com,13.07.2026 09:11:17
cus_UsNq4wZXulG1ab,ahmet,gencahmet@gmail.com,13.07.2026 09:11:16
cus_UsNqJ6egorxTxN,derya,derya@gmail.com,13.07.2026 09:11:15
cus_Ur1LHYOXWXFJEe,whitney,zboyd@example.com,09.07.2026 17:52:09
cus_Ur1LSsxk73Tue2,craig,jesse57@example.org,09.07.2026 17:52:07
cus_Ur1LhsXIGznqMV,andrew,billy29@example.org,09.07.2026 17:52:06
cus_Ur1LLkDWclXJMI,cody,cherrydeborah@example.net,09.07.2026 17:52:06
cus_Ur1LlkT0PMQBPB,kristen,patrickguerrero@example.net,09.07.2026 17:52:05
cus_Ur1LpC9xT6kDlQ,daniel,jamesjones@example.com,09.07.2026 17:52:04
cus_Ur1LAoqRjCpeKi,kevin,yhall@example.net,09.07.2026 17:52:03
cus_Ur1LKD41yLUBIA,dana,tnorman@example.com,09.07.2026 17:52:03
cus_Ur1LyOv2jrxG0X,melanie,rhondabuck@example.com,09.07.2026 17:52:02
cus_Ur1LrQVdFS68jL,joseph,angelaflynn@example.org,09.07.2026 17:52:01
cus_Ur1Kg5Ml37SEUa,nicholas,howellmichelle@example.org,09.07.2026 17:50:55
cus_Ur1Ka26KQGUTmk,caroline,john76@example.net,09.07.2026 17:50:55
cus_Ur1KUko9iOnYkh,christine,rholden@example.net,09.07.2026 17:50:54
cus_Ur1KjBnm9xbKyQ,andrew,moorerachel@example.net,09.07.2026 17:50:53
cus_Ur1KKHdLt8qG0b,christian,whitematthew@example.org,09.07.2026 17:50:52
cus_Ur1KTh0jLlwbgl,tasha,umartin@example.net,09.07.2026 17:50:51
cus_Ur1KRw9kwTThfA,reginald,johnsonbruce@example.org,09.07.2026 17:50:50
cus_Ur1KhUE5nHyJ6a,tracy,gallegosjennifer@example.com,09.07.2026 17:50:49
cus_Ur1KbOVaAmDl14,kent,tkoch@example.org,09.07.2026 17:50:49
cus_Ur1Ke9mOmognRk,natasha,adam89@example.net,09.07.2026 17:50:48
cus_UqdJi8uN7spSZi,julia,megan95@example.com,08.07.2026 17:01:50
cus_UqdJ9mvaL4ttW8,edward,brownlarry@example.org,08.07.2026 17:01:49
cus_UqdJP2PTXb7fmq,donna,cortega@example.org,08.07.2026 17:01:47
cus_UqdJlkqZwsdCJ5,david,billy87@example.org,08.07.2026 17:01:46
cus_UqdJkqX8DVZfIF,laura,richard01@example.net,08.07.2026 17:01:45
cus_UqdJ3SUqFs9Hhi,jamie,sullivanwhitney@example.com,08.07.2026 17:01:44
cus_UqdJV5HRlRIdzd,nicole,simpsondavid@example.org,08.07.2026 17:01:43
cus_UqdJliv6XvIROq,kimberly,umorrow@example.org,08.07.2026 17:01:42
cus_UqdJTmVzWQYRHy,lee,trussell@example.org,08.07.2026 17:01:41
cus_UqdJu0SiS6y3EB,sean,perezheather@example.org,08.07.2026 17:01:40
cus_UqdJxRuoDmV8zc,abigail,davidthomas@example.org,08.07.2026 17:01:38
cus_UqdJkDalgpMmzr,james,jeffreyjordan@example.org,08.07.2026 17:01:37
cus_UqdJX05FDUuhsJ,barbara,jacobbryant@example.org,08.07.2026 17:01:36
cus_UqdJACyzfdRIzk,scott,taylorgabriela@example.org,08.07.2026 17:01:34
cus_UqdJbdo1qqC7nu,shannon,lwilliams@example.net,08.07.2026 17:01:33
cus_UqdJ865EL2nlVv,eric,benderamanda@example.org,08.07.2026 17:01:32
cus_UqdJeBpDYvu2k3,wesley,cookmegan@example.net,08.07.2026 17:01:31
cus_UqdJl4EYcMdOB8,stephanie,michael86@example.net,08.07.2026 17:01:30
cus_UqdJmF0no1g4H8,julia,tammy42@example.net,08.07.2026 17:01:29
cus_UqdJiNkoq9hZF8,shawn,uvaldez@example.com,08.07.2026 17:01:28
cus_UqdJk2BpjpR96a,adam,malikwillis@example.org,08.07.2026 17:01:27
cus_UqdJcwNU2Qa3Iq,ashley,jerry53@example.net,08.07.2026 17:01:25
cus_UqdJT7ZUzP0oLI,john,jessicagarrison@example.net,08.07.2026 17:01:24
cus_UqdJp1ERw9opca,melissa,lindseykathryn@example.org,08.07.2026 17:01:23
cus_UqdJhaPB21U7ZO,courtney,kingkevin@example.com,08.07.2026 17:01:22
cus_UqdJ2a2YfKs8lh,jasmine,kevincastillo@example.net,08.07.2026 17:01:21
cus_UqdJWZ0aGlISSX,juan,qtaylor@example.org,08.07.2026 17:01:20
cus_UqdIPJ9wGTOCmh,sherry,hollowayoscar@example.org,08.07.2026 17:01:18
cus_UqdIARficS9MxU,roberta,kylegordon@example.net,08.07.2026 17:01:17
cus_UqdIt6tk6dslpe,felicia,moralesbrenda@example.com,08.07.2026 17:01:16
cus_UqdIxmSFslxNKx,cole,rebeccachen@example.org,08.07.2026 17:01:15
cus_UqdIZTLygjoaF5,jessica,heidibruce@example.com,08.07.2026 17:01:14
cus_UqdIjMZ8EHD4QT,jennifer,mossdeborah@example.com,08.07.2026 17:01:13
cus_UqdI8ePeVxzzke,jocelyn,bakertina@example.net,08.07.2026 17:01:12
cus_UqdIgUhIQlV9gM,robin,tinamendoza@example.net,08.07.2026 17:01:10
cus_UqdIHqtyrE113r,michelle,kirsten07@example.net,08.07.2026 17:01:09
cus_UqdI38WIXPcUSZ,justin,heatherflowers@example.net,08.07.2026 17:01:08
cus_UqdILRafqJqS5v,matthew,tyler48@example.org,08.07.2026 17:01:07
cus_UqdIQRZ1rNAkpI,jessica,myerssherry@example.net,08.07.2026 17:01:06
cus_UqdITy9BmrG4hQ,aaron,gpeterson@example.org,08.07.2026 17:01:04
cus_UqdI59YwMzeAle,christine,heather95@example.org,08.07.2026 17:01:03
cus_UqdIAOmZApIrLu,sharon,shall@example.net,08.07.2026 17:01:02
cus_UqdIsN9tmUOhZ6,chad,sclark@example.com,08.07.2026 17:01:01
cus_UqdIbmCoyAaCsZ,charlene,bakerjoseph@example.com,08.07.2026 17:00:59
cus_UqdIMsPZFiV5rX,teresa,daniellewis@example.net,08.07.2026 17:00:52
cus_UqdI10ExZE3AKY,jesse,amandaodonnell@example.com,08.07.2026 17:00:50
cus_UqdIGvZlrKOkCu,michael,kleinchristine@example.org,08.07.2026 17:00:48
cus_UqdIg0FhZFBWZa,jose,ipruitt@example.net,08.07.2026 17:00:47
cus_UqdI4Opkt0amSO,james,douglasflores@example.com,08.07.2026 17:00:43
cus_UqdI88nZ7XfDQU,natalie,parsonskatrina@example.org,08.07.2026 17:00:42
cus_UqdIHp8eFRI0b5,kelly,rmorris@example.com,08.07.2026 17:00:40
cus_UqdIwooRWGYdFI,sarah,rpayne@example.net,08.07.2026 17:00:39
cus_UqdIeNGnOl322J,jeffery,tdecker@example.net,08.07.2026 17:00:37
cus_UqdI9kgTE87imJ,bailey,angelphillips@example.org,08.07.2026 17:00:34
cus_UqdI6jWJF3SI9i,jon,jessicamorris@example.net,08.07.2026 17:00:33
cus_UqdImbyQDZWv00,brian,kristinajensen@example.net,08.07.2026 17:00:32
cus_UqdINOkXd7I6rh,danielle,agreen@example.org,08.07.2026 17:00:30
cus_UqdIL6Fsv1DwQV,ryan,xhall@example.org,08.07.2026 17:00:29
cus_UqdIVtClH3MJ5O,alexandra,myerssarah@example.com,08.07.2026 17:00:28
cus_UqdIGxCBZWnXWm,craig,zbennett@example.org,08.07.2026 17:00:27
cus_UqdIZjo0YcRdiZ,robert,patrick86@example.com,08.07.2026 17:00:25
cus_UqdIwzNOn6hN5I,logan,ann28@example.org,08.07.2026 17:00:23
cus_UqdIS7acrkiWxK,samantha,elizabethsmall@example.net,08.07.2026 17:00:22
cus_UqdIDmTHABXtYl,mike,zspencer@example.org,08.07.2026 17:00:21
cus_UqdHz25K4cIbSN,donald,tammy51@example.org,08.07.2026 17:00:19
cus_UqdHGFiuZYNeqT,carol,schneiderharold@example.net,08.07.2026 17:00:18
cus_UqdHMvvjmZPR5E,andrea,coxcharles@example.com,08.07.2026 17:00:17
cus_UqdHi52g39Z0nC,joanna,joel19@example.com,08.07.2026 17:00:15
cus_UqdH58kuIfzFVd,aaron,jennifer02@example.net,08.07.2026 17:00:14
cus_UqdHQw3RhDy4Fw,tina,spearsdebra@example.org,08.07.2026 17:00:13
cus_UqdH5VjRqhWzzs,dawn,rodriguezmonique@example.net,08.07.2026 17:00:12
cus_UqdHsPHnnhXq5G,carlos,raymond60@example.net,08.07.2026 17:00:11
cus_UqdHuI4QxQDgB2,jennifer,ryan04@example.net,08.07.2026 17:00:10
cus_UqdHc7xOVwptae,brandon,tonydixon@example.com,08.07.2026 17:00:08
cus_UqdHUGwq2xukxR,james,john90@example.net,08.07.2026 17:00:07
cus_UqdHNX3RnUBckQ,mark,rachel10@example.org,08.07.2026 17:00:06
cus_UqdHehALrX7Kja,derek,thall@example.org,08.07.2026 17:00:05
cus_UqdH7EJxnNTkj0,kyle,riveratravis@example.com,08.07.2026 17:00:04
cus_UqdHHmzWwoHxzv,carol,traceysharp@example.net,08.07.2026 17:00:02
cus_UqdHqIK6x8av8c,jason,clarkjoshua@example.com,08.07.2026 17:00:01
cus_UqdHUmprqMEKJv,ronald,rgriffin@example.net,08.07.2026 16:59:59
cus_UqdHTSTk3BLHjt,brian,judithfisher@example.com,08.07.2026 16:59:58
cus_UqdHs2TWdiUfHU,karl,rebecca00@example.org,08.07.2026 16:59:57
cus_UqdHGC0A7uOKp4,raymond,catherine12@example.net,08.07.2026 16:59:56
cus_UqdH1QfJTrcnMn,steve,andersontheresa@example.net,08.07.2026 16:59:55
cus_UqdHjnn6OwII7Y,deborah,brendanguyen@example.org,08.07.2026 16:59:54
cus_UqdHs5DtPnzeCp,kathleen,john40@example.org,08.07.2026 16:59:53
cus_UqdHoaTHmzD7Mg,jasmine,scarpenter@example.com,08.07.2026 16:59:52
cus_UqdH7uwkI4UsrT,brian,claytonhowe@example.net,08.07.2026 16:59:51
cus_UqdH7eulw4tqbK,james,jjacobs@example.org,08.07.2026 16:59:49
cus_UqdH8CHGEHnH8m,danny,fluna@example.org,08.07.2026 16:59:48
cus_UqdHzjXKaw3Voo,jason,driley@example.net,08.07.2026 16:59:47
cus_UqdHHoHWaAt9I3,richard,thomasmary@example.com,08.07.2026 16:59:46
cus_UqdH01zvU95n8n,patrick,leehannah@example.net,08.07.2026 16:59:45
cus_UqdHbHQ0X813AL,tracey,sean94@example.net,08.07.2026 16:59:44
cus_UqdHPMwgMzmUiJ,keith,dustin69@example.com,08.07.2026 16:59:43
cus_UqdH5rV4zPaC09,antonio,jonescasey@example.net,08.07.2026 16:59:41
cus_UqdH3CHGZD5YTQ,tracie,mark55@example.net,08.07.2026 16:59:40
cus_UqdHMInrA9ZooC,ethan,lisa01@example.com,08.07.2026 16:59:39
cus_UqdHdMMurWFZPt,bradley,yvette39@example.net,08.07.2026 16:59:38
cus_UqdG8KkBSUzFKb,andrea,carlosanderson@example.net,08.07.2026 16:58:37
cus_UqdG33Ge1tRLvb,benjamin,gjames@example.com,08.07.2026 16:58:36
cus_UqdG7MREJCaj6U,michael,williamskevin@example.org,08.07.2026 16:58:33
cus_UqdGpMmFyeyzoC,danny,christinachen@example.org,08.07.2026 16:58:32
cus_UqdGD2UavkyF1c,alison,jodikelly@example.org,08.07.2026 16:58:31
cus_UqdGxoTNfOAPyN,rachel,mia51@example.com,08.07.2026 16:58:30
cus_UqdGqwgOw1yuAL,cristian,tammiewatson@example.net,08.07.2026 16:58:28
cus_UqdG8FjFXYO7yY,anna,gibsontodd@example.org,08.07.2026 16:58:27
cus_UqdGEWhGq0seWA,charles,schneiderryan@example.com,08.07.2026 16:58:26
cus_UqdGwrAV9NUecl,matthew,tonyagibson@example.org,08.07.2026 16:58:24
cus_UqdGz2UNdUWxKG,wendy,huynhmark@example.net,08.07.2026 16:58:23
cus_UqdGPzYVJ8vgad,chloe,bdonaldson@example.com,08.07.2026 16:58:21
cus_UqdGOTwj3ys52s,bobby,paulanthony@example.com,08.07.2026 16:58:20
cus_UqdFhutdlyEGwp,jared,pbrown@example.net,08.07.2026 16:58:19
cus_UqdFHitaAo7xhq,stephanie,kimberly38@example.net,08.07.2026 16:58:18
cus_UqdFIaYlDkCG9m,erin,rachelwilson@example.net,08.07.2026 16:58:17
cus_UqdFfbejq7f8VS,james,jessica07@example.org,08.07.2026 16:58:16
cus_UqdFWeBIt5PHoA,micheal,justin25@example.net,08.07.2026 16:58:15
cus_UqdF6IwLYWLC30,jennifer,christophersolis@example.net,08.07.2026 16:58:13
cus_UqdFSaXQVWI7Jb,michelle,udennis@example.org,08.07.2026 16:58:12
cus_UqdFnJXajZ6myN,kimberly,pricescott@example.com,08.07.2026 16:58:11
cus_UqdF1ojOKLPvor,michael,hkaufman@example.com,08.07.2026 16:58:10
cus_UqdFXrVL11Kxih,christine,garyleach@example.org,08.07.2026 16:58:09
cus_UqdFTA4i9H8EgQ,julie,david12@example.net,08.07.2026 16:58:08
cus_UqdFI4jnPIlXnw,jesus,emma85@example.net,08.07.2026 16:58:06
cus_UqdF3QPqyi5jQp,james,johnsonjames@example.org,08.07.2026 16:58:05
cus_UqdFSPZqA1ESkP,chad,rwilson@example.org,08.07.2026 16:58:04
cus_UqdFmnXRQR4xnL,mark,sgillespie@example.com,08.07.2026 16:58:03
cus_UqdFSYh1GS4jW8,austin,meghan16@example.com,08.07.2026 16:58:02
cus_UqdFeRjLRLNvGV,james,joshua37@example.com,08.07.2026 16:58:01
cus_UqdFnybWWSmowu,brian,elizabethjohnson@example.net,08.07.2026 16:58:00
cus_UqdFBNRJusPEyg,debra,wendycarlson@example.net,08.07.2026 16:57:58
cus_UqdFdIuTRKlyIZ,donna,lbanks@example.org,08.07.2026 16:57:57
cus_UqdFsMdtQIG4LO,john,marvinlambert@example.net,08.07.2026 16:57:56
cus_UqdFxGbbutrm0U,peter,natalie71@example.com,08.07.2026 16:57:55
cus_UqdFtJJmRqvRwK,alyssa,jeremy71@example.com,08.07.2026 16:57:54
cus_UqdFYZArPOAdTc,heather,crawfordstephen@example.org,08.07.2026 16:57:53
cus_UqdF3QLMzSKEv9,jennifer,czavala@example.net,08.07.2026 16:57:52
cus_UqdFaQSTcFvoEV,robert,amandafranklin@example.com,08.07.2026 16:57:50
cus_UqdFfqj3eyEg6v,john,debra14@example.net,08.07.2026 16:57:49
cus_UqdFDhmvsAFhD3,kathleen,rodneybarron@example.org,08.07.2026 16:57:48
cus_UqdFPZkI66nNHh,john,ellisjulie@example.org,08.07.2026 16:57:47
cus_UqdF7FNR6N06GA,anna,stephenlawrence@example.com,08.07.2026 16:57:46
cus_UqdFFGp6DeTk2k,derek,scottrandolph@example.org,08.07.2026 16:57:44
cus_UqdFdVPwG2E4m9,maurice,phelpssamantha@example.com,08.07.2026 16:57:43
cus_UqdF8C5hYq5s31,joshua,kennethwilson@example.net,08.07.2026 16:57:42
cus_UqdF5Sc8Cvybsg,jamie,john55@example.net,08.07.2026 16:57:41
cus_UqdF7dhT69p9aa,jill,charles45@example.net,08.07.2026 16:57:40
cus_UqdFcH8iocZKeB,sara,tjones@example.net,08.07.2026 16:57:39
cus_UqdFzqCbzsFnR5,ryan,mmorris@example.org,08.07.2026 16:57:38
cus_UqdFau3m8QV1yz,sandra,thomassalas@example.com,08.07.2026 16:57:37
cus_UqdFspiNWs0Rwc,kimberly,walter48@example.org,08.07.2026 16:57:36
cus_UqdF8EP4dBRHIe,darryl,whendrix@example.net,08.07.2026 16:57:35
cus_UqdFwt8m2cUQRX,steven,shawn20@example.com,08.07.2026 16:57:34
cus_UqdFo39quP5Ail,eduardo,patricia75@example.org,08.07.2026 16:57:33
cus_UqdFUBPKbYYQ9z,brandy,april12@example.org,08.07.2026 16:57:32
cus_UqdFwNJKbq2Fo1,nathan,kwilliams@example.org,08.07.2026 16:57:31
cus_UqdFdgAsn1wmYs,jonathan,troyerickson@example.com,08.07.2026 16:57:29
cus_UqdFPppx5GXI5I,maria,davidwarren@example.org,08.07.2026 16:57:27
cus_UqdFH8HXVPKaoG,melissa,renee86@example.com,08.07.2026 16:57:26
cus_UqdF8CJYUkdmSZ,stacy,amyhurst@example.com,08.07.2026 16:57:25
cus_UqdF0xdiv5AXFC,erica,evansjillian@example.com,08.07.2026 16:57:24
cus_UqdFv88oUY0mu8,karen,jefferyreed@example.net,08.07.2026 16:57:23
cus_UqdFteK8XeSNly,kenneth,zimmermanmichael@example.net,08.07.2026 16:57:22
cus_UqdFA3T6ScQDHt,john,tiffanydyer@example.org,08.07.2026 16:57:21
cus_UqdEtMnmMjc359,allen,hsmith@example.net,08.07.2026 16:57:19
cus_UqdEhP04IFeovN,darrell,bradleyfrancisco@example.net,08.07.2026 16:57:18
cus_UqdErQ9ixGL8co,rebecca,cooktracy@example.org,08.07.2026 16:57:17
cus_UqdEwVF2JCxBPa,james,reyeseric@example.net,08.07.2026 16:57:16
cus_UqdEjlNVyQPuDZ,justin,espinozahenry@example.org,08.07.2026 16:57:15
cus_UqdEDctqWtIVXE,betty,mcruz@example.org,08.07.2026 16:57:14
cus_UqdEd17r4OuUHQ,julian,ggonzales@example.org,08.07.2026 16:57:13
cus_UqdEXSt2vOqeu7,robert,hkane@example.com,08.07.2026 16:57:11
cus_UqdERKE0Cp3rny,karen,elizabeth18@example.net,08.07.2026 16:57:10
cus_UqdEOV5pnkR7Kw,judy,ljohnson@example.org,08.07.2026 16:57:09
cus_UqdECCanMBlUbw,tammy,bellnancy@example.org,08.07.2026 16:57:08
cus_UqdEc34QDwKy22,ryan,wendysmith@example.com,08.07.2026 16:57:07
cus_UqdEuegtRD0Cbv,ryan,sjones@example.com,08.07.2026 16:57:06
cus_UqdEy4p7dUGeX8,stephanie,angelachandler@example.net,08.07.2026 16:57:05
cus_UqdEKSSNf60PjI,paul,mendezsharon@example.com,08.07.2026 16:57:04
cus_UqdEixyHnMjkP4,kara,morristhomas@example.net,08.07.2026 16:57:02
cus_UqdEnVB3HbzEwY,lori,mpaul@example.net,08.07.2026 16:57:01
cus_UqdEORScUq4EQe,melody,matthew11@example.org,08.07.2026 16:57:00
cus_UqdEdMApWvqtan,kenneth,zmerritt@example.net,08.07.2026 16:56:59
cus_UqdEDvqOG056Ry,william,connie01@example.net,08.07.2026 16:56:58
cus_UqdE51WMSOTdZD,robert,garyburke@example.com,08.07.2026 16:56:57
cus_UqdEaOAmdBtezI,yesenia,hdean@example.net,08.07.2026 16:56:55
cus_UqdEdBvSdoX8Dz,kimberly,sanderswendy@example.com,08.07.2026 16:56:54
cus_UqdE6gLTS1v0ba,sherry,jennifergarcia@example.org,08.07.2026 16:56:53
cus_UqdEV1566glEMa,shaun,sdrake@example.org,08.07.2026 16:56:52
cus_UqdE9IE8WKwGwx,gregory,cookpamela@example.org,08.07.2026 16:56:51
cus_UqdED2aliVHTP8,vincent,jacksoneric@example.org,08.07.2026 16:56:50
cus_UqdEEYWYMNvu3N,allen,tracy68@example.com,08.07.2026 16:56:49
cus_UqdEnmXIzzU8kr,tara,charles25@example.net,08.07.2026 16:56:47
cus_UqdEdjRZ6OXAhJ,ricardo,ghernandez@example.com,08.07.2026 16:56:46
cus_UqdExzo2sW6arH,mary,rwilliams@example.org,08.07.2026 16:56:45
cus_UqdEi0OGfovJAY,dawn,hmoore@example.org,08.07.2026 16:56:44
cus_UqdEl1I8twL7o9,david,briggsryan@example.org,08.07.2026 16:56:43
cus_UqdEuqKjNEEzjD,kathryn,ealvarez@example.net,08.07.2026 16:56:40
cus_UqdE7676FPPDQx,stephanie,smithdavid@example.org,08.07.2026 16:56:39
cus_Uq8awX08ZzSuwX,halil,halilhan@gmail.com,07.07.2026 09:16:40
cus_UogN8Jp0FGtDR1,derya,derya@gmail.com,03.07.2026 12:03:30
cus_UoOHkVoKcxgSii,ahmet,gencahmet@gmail.com,02.07.2026 17:22:07
cus_UoHcOENW5rM4rk,Ahmet Yılmaz,ahmet@example.com,02.07.2026 10:28:44
cus_UoHczphaUzWcBA,Ahmet Yılmaz,ahmet@example.com,02.07.2026 10:28:29
cus_UnxbRMMXtSLxS8,riyaz,riyaz@gmail.com,01.07.2026 13:47:30
cus_UnxXWWtsg6tvme,fahri yilmaz,fahri@gmail.com,01.07.2026 13:44:07
cus_UnxWd7oTVW7ZqJ,mali demir,malidemir@gmail.com,01.07.2026 13:42:53
cus_UnxQsObxpKnfc0,tuna,tunaefe@gmail.com,01.07.2026 13:36:24
cus_UnWLqlcfUCGj7z,yusuf kocaoglu,ykocaoglu@gmail.com,30.06.2026 09:37:24
cus_UnWAObN7nxUDky,mahir enes akpinar,menes@gmail.com,30.06.2026 09:26:58
cus_UnErrEkkCG4deK,Mehmet Yilmaz,mehmet.yilmaz@example.com,29.06.2026 15:33:58
