id,customer,amount,currency,status,created
pi_3Twj8dKBkUL9vnMV0vgY1toz,cus_Uu0jKN86a5Br32,850.0,usd,requires_payment_method,24.07.2026 16:27:43
pi_3Twj0PKBkUL9vnMV0JNBfmMy,cus_Uu0jKN86a5Br32,100.0,usd,requires_payment_method,24.07.2026 16:19:13
pi_3TwhNBKBkUL9vnMV0ei0NEvX,cus_Uu0jKN86a5Br32,1500.0,usd,requires_payment_method,24.07.2026 14:34:37
pi_3TwhLdKBkUL9vnMV1RHk4bGY,cus_Uu0jKN86a5Br32,1100.0,usd,requires_payment_method,24.07.2026 14:33:01
pi_3TwhHwKBkUL9vnMV1f5bwRc8,cus_Uu0jKN86a5Br32,700.0,usd,requires_payment_method,24.07.2026 14:29:12
pi_3TwhHJKBkUL9vnMV0f1lwtHd,cus_Uu0jKN86a5Br32,100.0,usd,requires_payment_method,24.07.2026 14:28:33
pi_3TwdB6KBkUL9vnMV02rvL7ED,cus_Uu0jKN86a5Br32,450.0,usd,requires_payment_method,24.07.2026 10:05:52
pi_3Twd8qKBkUL9vnMV0cUU17NM,cus_Uu0jKN86a5Br32,365.0,usd,requires_payment_method,24.07.2026 10:03:32
pi_3TwciHKBkUL9vnMV0YGEkczP,cus_Uu0jKN86a5Br32,400.0,usd,requires_payment_method,24.07.2026 09:36:05
pi_3TwcglKBkUL9vnMV1H7dvx9c,cus_Uu0jKN86a5Br32,665.0,usd,requires_payment_method,24.07.2026 09:34:31
pi_3TwMUiKBkUL9vnMV0sDgWUR9,cus_Uu0jKN86a5Br32,755.0,usd,requires_payment_method,23.07.2026 16:17:00
pi_3TwLv0KBkUL9vnMV0Dce9VkW,cus_UsQUGVWxpArJWX,655.0,usd,requires_payment_method,23.07.2026 15:40:06
pi_3TwLuwKBkUL9vnMV0TVILnFL,cus_UsQUGVWxpArJWX,655.0,usd,requires_payment_method,23.07.2026 15:40:02
pi_3TwLusKBkUL9vnMV1tISCmkl,cus_UsQUGVWxpArJWX,655.0,usd,requires_payment_method,23.07.2026 15:39:58
pi_3TwLupKBkUL9vnMV1EI8MFtW,cus_UsQUGVWxpArJWX,655.0,usd,requires_payment_method,23.07.2026 15:39:55
pi_3TwLumKBkUL9vnMV1zWE2cVP,cus_UsQUGVWxpArJWX,655.0,usd,requires_payment_method,23.07.2026 15:39:52
pi_3TwLujKBkUL9vnMV0ZGPkaQd,cus_UsQUGVWxpArJWX,655.0,usd,requires_payment_method,23.07.2026 15:39:49
pi_3TwLufKBkUL9vnMV0KGc8OQS,cus_UsQUGVWxpArJWX,655.0,usd,requires_payment_method,23.07.2026 15:39:45
pi_3TwLucKBkUL9vnMV1YFd340U,cus_UsQUGVWxpArJWX,655.0,usd,requires_payment_method,23.07.2026 15:39:42
pi_3TwLuZKBkUL9vnMV0wrbgpht,cus_UsQUGVWxpArJWX,655.0,usd,requires_payment_method,23.07.2026 15:39:39
pi_3TwLuVKBkUL9vnMV1rAyPlnv,cus_UsQUGVWxpArJWX,655.0,usd,requires_payment_method,23.07.2026 15:39:35
pi_3TwLuSKBkUL9vnMV1UkCWtj7,cus_UsQUGVWxpArJWX,655.0,usd,requires_payment_method,23.07.2026 15:39:32
pi_3TwLuOKBkUL9vnMV1VtNaoGb,cus_UsQUGVWxpArJWX,655.0,usd,requires_payment_method,23.07.2026 15:39:28
pi_3TwLuLKBkUL9vnMV1JwaO7Zs,cus_UsQUGVWxpArJWX,655.0,usd,requires_payment_method,23.07.2026 15:39:25
pi_3TwLuIKBkUL9vnMV1ZpoSVtB,cus_UsQUGVWxpArJWX,655.0,usd,requires_payment_method,23.07.2026 15:39:22
pi_3TwKsuKBkUL9vnMV1K802oDL,cus_UqdJP2PTXb7fmq,791.0,usd,requires_payment_method,23.07.2026 14:33:52
pi_3TwKspKBkUL9vnMV0mZdyil7,cus_UqdJP2PTXb7fmq,428.0,usd,requires_payment_method,23.07.2026 14:33:47
pi_3TwKslKBkUL9vnMV1kPMX2W7,cus_UqdJP2PTXb7fmq,766.0,usd,requires_payment_method,23.07.2026 14:33:43
pi_3TwKsgKBkUL9vnMV1LAhWYYV,cus_UqdJP2PTXb7fmq,548.0,usd,requires_payment_method,23.07.2026 14:33:38
pi_3TwKsaKBkUL9vnMV0AGDczk4,cus_UqdJP2PTXb7fmq,589.0,usd,requires_payment_method,23.07.2026 14:33:32
pi_3TwKsVKBkUL9vnMV15Amf8oZ,cus_UqdJP2PTXb7fmq,916.0,usd,requires_payment_method,23.07.2026 14:33:27
pi_3TwKsQKBkUL9vnMV0Qmm7PZz,cus_UqdJP2PTXb7fmq,677.0,usd,requires_payment_method,23.07.2026 14:33:22
pi_3TwKsJKBkUL9vnMV1bx5X1iW,cus_UqdJP2PTXb7fmq,970.0,usd,requires_payment_method,23.07.2026 14:33:15
pi_3TwKsFKBkUL9vnMV0tgDNjSB,cus_UqdJP2PTXb7fmq,805.0,usd,requires_payment_method,23.07.2026 14:33:11
pi_3TwKsAKBkUL9vnMV1FYwU0j2,cus_UqdJP2PTXb7fmq,725.0,usd,requires_payment_method,23.07.2026 14:33:06
pi_3TwKs5KBkUL9vnMV0DqWwmy8,cus_UqdJP2PTXb7fmq,877.0,usd,requires_payment_method,23.07.2026 14:33:01
pi_3TwKs0KBkUL9vnMV1xcWDccM,cus_UqdJP2PTXb7fmq,632.0,usd,requires_payment_method,23.07.2026 14:32:57
pi_3TwKrvKBkUL9vnMV17KlQObV,cus_UqdJP2PTXb7fmq,707.0,usd,requires_payment_method,23.07.2026 14:32:51
pi_3TwKruKBkUL9vnMV1C0nWHs5,cus_UqdJP2PTXb7fmq,655.0,usd,requires_payment_method,23.07.2026 14:32:50
pi_3TwKrrKBkUL9vnMV0YagMpcL,cus_UqdJP2PTXb7fmq,791.0,usd,requires_payment_method,23.07.2026 14:32:47
pi_3TwKroKBkUL9vnMV1Qaqz0eD,cus_UqdJP2PTXb7fmq,615.0,usd,requires_payment_method,23.07.2026 14:32:44
pi_3TwKrmKBkUL9vnMV0AuA9R2u,cus_UqdJP2PTXb7fmq,428.0,usd,requires_payment_method,23.07.2026 14:32:42
pi_3TwKrjKBkUL9vnMV1eqAU3VI,cus_UqdJP2PTXb7fmq,679.0,usd,requires_payment_method,23.07.2026 14:32:39
pi_3TwKrhKBkUL9vnMV1AZfsojf,cus_UqdJP2PTXb7fmq,766.0,usd,requires_payment_method,23.07.2026 14:32:37
pi_3TwKreKBkUL9vnMV0FbsY17E,cus_UqdJP2PTXb7fmq,570.0,usd,requires_payment_method,23.07.2026 14:32:34
pi_3TwKrcKBkUL9vnMV1NqzAA9w,cus_UqdJP2PTXb7fmq,548.0,usd,requires_payment_method,23.07.2026 14:32:32
pi_3TwKrZKBkUL9vnMV07iBlZn2,cus_UqdJP2PTXb7fmq,634.0,usd,requires_payment_method,23.07.2026 14:32:29
pi_3TwKrYKBkUL9vnMV1sqR6ttO,cus_UqdJP2PTXb7fmq,589.0,usd,requires_payment_method,23.07.2026 14:32:28
pi_3TwKrUKBkUL9vnMV0FDHPikz,cus_UqdJP2PTXb7fmq,413.0,usd,requires_payment_method,23.07.2026 14:32:24
pi_3TwKrTKBkUL9vnMV0JJ16mXT,cus_UqdJP2PTXb7fmq,916.0,usd,requires_payment_method,23.07.2026 14:32:23
pi_3TwKrPKBkUL9vnMV1mQQvQ9l,cus_UqdJP2PTXb7fmq,381.0,usd,requires_payment_method,23.07.2026 14:32:19
pi_3TwKrOKBkUL9vnMV0JVjr8Pa,cus_UqdJP2PTXb7fmq,677.0,usd,requires_payment_method,23.07.2026 14:32:18
pi_3TwKrJKBkUL9vnMV0ZBZw4Ks,cus_UqdJP2PTXb7fmq,853.0,usd,requires_payment_method,23.07.2026 14:32:13
pi_3TwKrHKBkUL9vnMV1B2fcJce,cus_UqdJP2PTXb7fmq,970.0,usd,requires_payment_method,23.07.2026 14:32:11
pi_3TwKrEKBkUL9vnMV1vqgfurt,cus_UqdJP2PTXb7fmq,932.0,usd,requires_payment_method,23.07.2026 14:32:08
pi_3TwKrCKBkUL9vnMV02mKi55d,cus_UqdJP2PTXb7fmq,805.0,usd,requires_payment_method,23.07.2026 14:32:06
pi_3TwKr7KBkUL9vnMV1RIZG544,cus_UqdJP2PTXb7fmq,766.0,usd,requires_payment_method,23.07.2026 14:32:01
pi_3TwKr4KBkUL9vnMV1eUBGZ6f,cus_UqdJP2PTXb7fmq,725.0,usd,requires_payment_method,23.07.2026 14:31:58
pi_3TwKr2KBkUL9vnMV1Aam3r5r,cus_UqdJP2PTXb7fmq,877.0,usd,requires_payment_method,23.07.2026 14:31:56
pi_3TwKqyKBkUL9vnMV16UtX6X8,cus_UqdJP2PTXb7fmq,877.0,usd,requires_payment_method,23.07.2026 14:31:52
pi_3TwKqwKBkUL9vnMV1eqRyI6a,cus_UqdJP2PTXb7fmq,544.0,usd,requires_payment_method,23.07.2026 14:31:50
pi_3TwKqrKBkUL9vnMV0HzFSTOm,cus_UqdJP2PTXb7fmq,632.0,usd,requires_payment_method,23.07.2026 14:31:45
pi_3TwKqpKBkUL9vnMV0ogopsbh,cus_UqdJP2PTXb7fmq,655.0,usd,requires_payment_method,23.07.2026 14:31:43
pi_3TwKqhKBkUL9vnMV00vTBIrT,cus_UqdJP2PTXb7fmq,707.0,usd,requires_payment_method,23.07.2026 14:31:35
pi_3TwKqcKBkUL9vnMV0Q3CC1PT,cus_UqdJP2PTXb7fmq,615.0,usd,requires_payment_method,23.07.2026 14:31:30
pi_3TwKqXKBkUL9vnMV1BUNPrmR,cus_UqdJP2PTXb7fmq,679.0,usd,requires_payment_method,23.07.2026 14:31:25
pi_3TwKqTKBkUL9vnMV1xVG6qa0,cus_UqdJP2PTXb7fmq,570.0,usd,requires_payment_method,23.07.2026 14:31:21
pi_3TwKqPKBkUL9vnMV06YOQrvA,cus_UqdJP2PTXb7fmq,634.0,usd,requires_payment_method,23.07.2026 14:31:17
pi_3TwKqJKBkUL9vnMV0UaCUu6R,cus_UqdJP2PTXb7fmq,413.0,usd,requires_payment_method,23.07.2026 14:31:11
pi_3TwKqFKBkUL9vnMV18JxZmiw,cus_UqdJP2PTXb7fmq,381.0,usd,requires_payment_method,23.07.2026 14:31:07
pi_3TwKqAKBkUL9vnMV0we4rP23,cus_UqdJP2PTXb7fmq,853.0,usd,requires_payment_method,23.07.2026 14:31:02
pi_3TwKq5KBkUL9vnMV0fagjIQ8,cus_UqdJP2PTXb7fmq,932.0,usd,requires_payment_method,23.07.2026 14:30:57
pi_3TwKq0KBkUL9vnMV0w8MJeEQ,cus_UqdJP2PTXb7fmq,766.0,usd,requires_payment_method,23.07.2026 14:30:52
pi_3TwKpvKBkUL9vnMV0rRAAMid,cus_UqdJP2PTXb7fmq,877.0,usd,requires_payment_method,23.07.2026 14:30:47
pi_3TwKppKBkUL9vnMV0mHcRBL1,cus_UqdJP2PTXb7fmq,544.0,usd,requires_payment_method,23.07.2026 14:30:41
pi_3TwKplKBkUL9vnMV1w85u8cH,cus_UqdJP2PTXb7fmq,655.0,usd,requires_payment_method,23.07.2026 14:30:37
pi_3TwKotKBkUL9vnMV1ibNLi7H,cus_UqdJP2PTXb7fmq,615.0,usd,requires_payment_method,23.07.2026 14:29:43
pi_3TwKoqKBkUL9vnMV0WdZhgnD,cus_UqdJP2PTXb7fmq,679.0,usd,requires_payment_method,23.07.2026 14:29:40
pi_3TwKomKBkUL9vnMV0qYcDKQv,cus_UqdJP2PTXb7fmq,570.0,usd,requires_payment_method,23.07.2026 14:29:36
pi_3TwKohKBkUL9vnMV0v0v4QVP,cus_UqdJP2PTXb7fmq,634.0,usd,requires_payment_method,23.07.2026 14:29:31
pi_3TwKodKBkUL9vnMV1s5RSPgd,cus_UqdJP2PTXb7fmq,413.0,usd,requires_payment_method,23.07.2026 14:29:27
pi_3TwKoZKBkUL9vnMV0POAZMwd,cus_UqdJP2PTXb7fmq,381.0,usd,requires_payment_method,23.07.2026 14:29:23
pi_3TwKoVKBkUL9vnMV1JiJsiqx,cus_UqdJP2PTXb7fmq,853.0,usd,requires_payment_method,23.07.2026 14:29:19
pi_3TwKoRKBkUL9vnMV1CteJ9yY,cus_UqdJP2PTXb7fmq,932.0,usd,requires_payment_method,23.07.2026 14:29:15
pi_3TwKoMKBkUL9vnMV1pa2duj6,cus_UqdJP2PTXb7fmq,766.0,usd,requires_payment_method,23.07.2026 14:29:10
pi_3TwKoIKBkUL9vnMV1oq1pAld,cus_UqdJP2PTXb7fmq,877.0,usd,requires_payment_method,23.07.2026 14:29:06
pi_3TwKoBKBkUL9vnMV0klmOuYl,cus_UqdJP2PTXb7fmq,544.0,usd,requires_payment_method,23.07.2026 14:28:59
pi_3TwKo7KBkUL9vnMV0xs3xtPO,cus_UqdJP2PTXb7fmq,655.0,usd,requires_payment_method,23.07.2026 14:28:55
pi_3TwKnWKBkUL9vnMV1I6OgDns,cus_UqdJP2PTXb7fmq,655.0,usd,requires_payment_method,23.07.2026 14:28:18
pi_3TwKFVKBkUL9vnMV1hta5RAG,cus_Uu0jKN86a5Br32,655.0,usd,requires_payment_method,23.07.2026 13:53:09
pi_3TwJ1fKBkUL9vnMV1m9Hnj1Q,cus_Uu0jKN86a5Br32,555.0,usd,requires_payment_method,23.07.2026 12:34:47
pi_3TwIwNKBkUL9vnMV10F5zzHW,cus_Uu0jKN86a5Br32,595.0,usd,requires_payment_method,23.07.2026 12:29:19
pi_3TwHQYKBkUL9vnMV02lrPOLo,cus_Uu0jKN86a5Br32,495.0,usd,requires_payment_method,23.07.2026 10:52:22
pi_3TwHORKBkUL9vnMV1QPilcip,cus_Uu0jKN86a5Br32,415.0,usd,requires_payment_method,23.07.2026 10:50:11
pi_3TwHI0KBkUL9vnMV1lyJAokD,cus_Uu0jKN86a5Br32,375.0,usd,requires_payment_method,23.07.2026 10:43:32
pi_3TvtwJKBkUL9vnMV1xbiozsN,cus_Uu0jKN86a5Br32,200.0,usd,requires_payment_method,22.07.2026 09:47:35
pi_3TvtUgKBkUL9vnMV0xxTaz1E,cus_Uu0jKN86a5Br32,10.0,usd,requires_payment_method,22.07.2026 09:19:02
pi_3Tvfc1KBkUL9vnMV0Vqo2oZT,cus_UnWLqlcfUCGj7z,30.0,usd,requires_payment_method,21.07.2026 18:29:41
pi_3TvdIcKBkUL9vnMV10s5NBv3,cus_Uu0jKN86a5Br32,4380.0,usd,requires_payment_method,21.07.2026 16:01:30
pi_3TvaCRKBkUL9vnMV1itNALoK,cus_UnWLqlcfUCGj7z,30.0,usd,requires_payment_method,21.07.2026 12:42:55
pi_3Tva9fKBkUL9vnMV1iZIs9W1,cus_UnWLqlcfUCGj7z,30.0,usd,requires_payment_method,21.07.2026 12:40:03
pi_3TvZpJKBkUL9vnMV0wq3YnVT,cus_Uu0jKN86a5Br32,175.0,usd,requires_payment_method,21.07.2026 12:19:01
pi_3TvYqHKBkUL9vnMV1TyEcQCG,cus_UnWLqlcfUCGj7z,30.0,usd,requires_payment_method,21.07.2026 11:15:57
pi_3TvXlnKBkUL9vnMV00Z7ay2L,cus_Uu0jKN86a5Br32,60.0,usd,requires_payment_method,21.07.2026 10:07:15
pi_3TvXkjKBkUL9vnMV0BlGR0pP,cus_UnWLqlcfUCGj7z,30.0,usd,requires_payment_method,21.07.2026 10:06:09
pi_3TvKiYKBkUL9vnMV1asCxjGA,cus_UqdJP2PTXb7fmq,130.0,usd,requires_payment_method,20.07.2026 20:11:02
pi_3TvKhxKBkUL9vnMV0aNp8lkn,cus_UqdJkDalgpMmzr,150.0,usd,requires_payment_method,20.07.2026 20:10:25
pi_3TvHHvKBkUL9vnMV0FeWnEV2,cus_Uu0jKN86a5Br32,250.0,usd,requires_payment_method,20.07.2026 16:31:19
pi_3TvEgeKBkUL9vnMV0lvC0cC5,cus_UnWLqlcfUCGj7z,30.0,usd,requires_payment_method,20.07.2026 13:44:40
pi_3TvCqJKBkUL9vnMV0RJILORe,cus_UnWLqlcfUCGj7z,30.0,usd,requires_payment_method,20.07.2026 11:46:32
pi_3TvCpsKBkUL9vnMV1blvIrGI,cus_UnWLqlcfUCGj7z,30.0,usd,requires_payment_method,20.07.2026 11:46:04
pi_3TvBaPKBkUL9vnMV1McS5T8B,cus_Uu0jKN86a5Br32,100.0,usd,requires_payment_method,20.07.2026 10:26:01
pi_3TuHtcKBkUL9vnMV1A1akWYi,cus_Uu0jKN86a5Br32,150.0,usd,requires_payment_method,17.07.2026 22:58:08
pi_3TuHsvKBkUL9vnMV0K805Czo,cus_Uu0jKN86a5Br32,1600.0,usd,requires_payment_method,17.07.2026 22:57:25
pi_3Tu6r4KBkUL9vnMV1gOChHgK,cus_UsNr6Qi1iLfhlr,160.0,usd,requires_payment_method,17.07.2026 11:10:46
pi_3Tu5rKKBkUL9vnMV1q1SRtxe,cus_UsQUGVWxpArJWX,130.0,usd,requires_payment_method,17.07.2026 10:06:58
pi_3TtmzXKBkUL9vnMV1KXIX9XT,cus_UqdI38WIXPcUSZ,160.0,usd,requires_payment_method,16.07.2026 13:58:11
pi_3Ttmx2KBkUL9vnMV0t7mNsP4,cus_Ur1LhsXIGznqMV,150.0,usd,requires_payment_method,16.07.2026 13:55:36
pi_3TtmuPKBkUL9vnMV1gRmkWX5,cus_UtXswKgg3MNBH6,100.0,usd,requires_payment_method,16.07.2026 13:52:54
pi_3TtldHKBkUL9vnMV0RXRblg2,cus_UtXswKgg3MNBH6,130.0,usd,requires_payment_method,16.07.2026 12:31:07
pi_3TtlMPKBkUL9vnMV1jKyDc1V,cus_UtXswKgg3MNBH6,850.0,usd,requires_payment_method,16.07.2026 12:13:41
pi_3TtjETKBkUL9vnMV0WkZv8Hh,cus_UsQUDxRECe4Z0r,160.0,usd,requires_payment_method,16.07.2026 09:57:21
pi_3TskTLKBkUL9vnMV0saa5giC,cus_UsNrmqRnTI5dVh,360.0,usd,requires_payment_method,13.07.2026 17:04:39
pi_3TskPoKBkUL9vnMV1WwIQzbZ,cus_UqdITy9BmrG4hQ,1080.0,usd,requires_payment_method,13.07.2026 17:01:00
pi_3TskMAKBkUL9vnMV0EGnRdV0,cus_UsNq4wZXulG1ab,130.0,usd,requires_payment_method,13.07.2026 16:57:14
pi_3TsjoMKBkUL9vnMV1kzgO31C,cus_UnWLqlcfUCGj7z,30.0,usd,requires_payment_method,13.07.2026 16:22:18
pi_3TsdV3KBkUL9vnMV0funczEh,cus_UsNrmqRnTI5dVh,850.0,usd,requires_payment_method,13.07.2026 09:37:57
pi_3TrJZrKBkUL9vnMV0IaGM7Wi,cus_Ur1LSsxk73Tue2,55.01,usd,requires_payment_method,09.07.2026 18:09:27
pi_3TrHlPKBkUL9vnMV1fWdumIp,cus_UqdJ3SUqFs9Hhi,43.8,usd,requires_payment_method,09.07.2026 16:13:15
pi_3TqUvhKBkUL9vnMV19NcOSa4,cus_UnWLqlcfUCGj7z,30.0,usd,requires_payment_method,07.07.2026 12:04:37
pi_3TojzJKBkUL9vnMV0mAsByFu,cus_UoHcOENW5rM4rk,30000.0,usd,requires_payment_method,02.07.2026 15:45:05
pi_3Tog3jKBkUL9vnMV0qYo7ePE,cus_UnWLqlcfUCGj7z,30.0,usd,requires_payment_method,02.07.2026 11:33:24
pi_3ToNSVKBkUL9vnMV08GFLYne,cus_UnxbRMMXtSLxS8,250000.0,usd,requires_payment_method,01.07.2026 15:41:43
pi_3ToNOmKBkUL9vnMV1blAgdgk,cus_UnxbRMMXtSLxS8,20000.0,usd,requires_payment_method,01.07.2026 15:37:52
pi_3To1PSKBkUL9vnMV0N1ZJmGi,cus_UnWLqlcfUCGj7z,30.0,usd,requires_payment_method,30.06.2026 16:09:06
pi_3To1IWKBkUL9vnMV08OnUESo,,30.0,usd,requires_payment_method,30.06.2026 16:01:56
pi_3To1FDKBkUL9vnMV1K6JmwUc,,30.0,usd,requires_payment_method,30.06.2026 15:58:31
